question,answer
What are you?,"Hello! I am XYZ here to help you with soyabean related queries."
Who are you?,"Hello! I am XYZ here to help you with soyabean related queries."
Can you help me?,"Ask me questions for your soyabean related queries and I will try to help you."
I need your help?,"Ask me questions for your soyabean related queries and I will try to help you."
What soybean varieties have the longest seed shelf life?,"Soybean varieties such as JS 93-05, JS 95-60, JS 335, JS 80-21, NRC 2, NRC 37, Punjab 1, and Kalitur have been developed with high seed longevity."
Which types of soybean seeds last the longest?,"Soybean varieties such as JS 93-05, JS 95-60, JS 335, JS 80-21, NRC 2, NRC 37, Punjab 1, and Kalitur have been developed with high seed longevity."
Which soybean seeds are known for their high longevity?,"Soybean varieties such as JS 93-05, JS 95-60, JS 335, JS 80-21, NRC 2, NRC 37, Punjab 1, and Kalitur have been developed with high seed longevity."
Which varieties of soybean have seeds that stay viable the longest?,"Soybean varieties such as JS 93-05, JS 95-60, JS 335, JS 80-21, NRC 2, NRC 37, Punjab 1, and Kalitur have been developed with high seed longevity."
What are the best soybean varieties for long-term seed storage?,"Soybean varieties such as JS 93-05, JS 95-60, JS 335, JS 80-21, NRC 2, NRC 37, Punjab 1, and Kalitur have been developed with high seed longevity."
Which soybean seeds retain viability for extended periods?,"Soybean varieties such as JS 93-05, JS 95-60, JS 335, JS 80-21, NRC 2, NRC 37, Punjab 1, and Kalitur have been developed with high seed longevity."
Which soybean varieties have the highest seed longevity?,"Soybean varieties such as JS 93-05, JS 95-60, JS 335, JS 80-21, NRC 2, NRC 37, Punjab 1, and Kalitur have been developed with high seed longevity."
Which soybean seed types can be stored the longest?,"Soybean varieties such as JS 93-05, JS 95-60, JS 335, JS 80-21, NRC 2, NRC 37, Punjab 1, and Kalitur have been developed with high seed longevity."
What are the most durable soybean seeds for long-term storage?,"Soybean varieties such as JS 93-05, JS 95-60, JS 335, JS 80-21, NRC 2, NRC 37, Punjab 1, and Kalitur have been developed with high seed longevity."
Which soybean seeds have the greatest longevity?,"Soybean varieties such as JS 93-05, JS 95-60, JS 335, JS 80-21, NRC 2, NRC 37, Punjab 1, and Kalitur have been developed with high seed longevity."
Can you list soybean varieties with high seed longevity?,"Soybean varieties such as JS 93-05, JS 95-60, JS 335, JS 80-21, NRC 2, NRC 37, Punjab 1, and Kalitur have been developed with high seed longevity."
Which soybean seeds remain viable for the longest time?,"Soybean varieties such as JS 93-05, JS 95-60, JS 335, JS 80-21, NRC 2, NRC 37, Punjab 1, and Kalitur have been developed with high seed longevity."
What are some soybean varieties with high seed storage longevity?,"Soybean varieties such as JS 93-05, JS 95-60, JS 335, JS 80-21, NRC 2, NRC 37, Punjab 1, and Kalitur have been developed with high seed longevity."
Which soybean seeds are best for prolonged storage?,"Soybean varieties such as JS 93-05, JS 95-60, JS 335, JS 80-21, NRC 2, NRC 37, Punjab 1, and Kalitur have been developed with high seed longevity."
Which soybean varieties have a long seed shelf life?,"Soybean varieties such as JS 93-05, JS 95-60, JS 335, JS 80-21, NRC 2, NRC 37, Punjab 1, and Kalitur have been developed with high seed longevity."
Which soybean seeds are known for their long-lasting viability?,"Soybean varieties such as JS 93-05, JS 95-60, JS 335, JS 80-21, NRC 2, NRC 37, Punjab 1, and Kalitur have been developed with high seed longevity."
What soybean varieties maintain their seed viability the longest?,"Soybean varieties such as JS 93-05, JS 95-60, JS 335, JS 80-21, NRC 2, NRC 37, Punjab 1, and Kalitur have been developed with high seed longevity."
Which soybean varieties' seeds stay viable for extended periods?,"Soybean varieties such as JS 93-05, JS 95-60, JS 335, JS 80-21, NRC 2, NRC 37, Punjab 1, and Kalitur have been developed with high seed longevity."
Which types of soybean seeds have extended shelf lives?,"Soybean varieties such as JS 93-05, JS 95-60, JS 335, JS 80-21, NRC 2, NRC 37, Punjab 1, and Kalitur have been developed with high seed longevity."
Which soybean varieties are best for long-term seed viability?,"Soybean varieties such as JS 93-05, JS 95-60, JS 335, JS 80-21, NRC 2, NRC 37, Punjab 1, and Kalitur have been developed with high seed longevity."
What soybean varieties are best for mechanical harvesting?,"Soybean varieties like MACS 58, NRC 37, Type 49, Durga, and Punjab 1 have been developed for mechanical harvesting, featuring a high insertion point of the lowest pod."
Which soybean types are ideal for machine harvesting?,"Soybean varieties like MACS 58, NRC 37, Type 49, Durga, and Punjab 1 have been developed for mechanical harvesting, featuring a high insertion point of the lowest pod."
Can you list soybean varieties suitable for mechanical harvesting?,"Soybean varieties like MACS 58, NRC 37, Type 49, Durga, and Punjab 1 have been developed for mechanical harvesting, featuring a high insertion point of the lowest pod."
Which varieties of soybean can be harvested mechanically?,"Soybean varieties like MACS 58, NRC 37, Type 49, Durga, and Punjab 1 have been developed for mechanical harvesting, featuring a high insertion point of the lowest pod."
What are the best soybeans for mechanical harvesting?,"Soybean varieties like MACS 58, NRC 37, Type 49, Durga, and Punjab 1 have been developed for mechanical harvesting, featuring a high insertion point of the lowest pod."
Which soybeans are developed for mechanical harvesting?,"Soybean varieties like MACS 58, NRC 37, Type 49, Durga, and Punjab 1 have been developed for mechanical harvesting, featuring a high insertion point of the lowest pod."
Which types of soybeans are fit for mechanical harvesting?,"Soybean varieties like MACS 58, NRC 37, Type 49, Durga, and Punjab 1 have been developed for mechanical harvesting, featuring a high insertion point of the lowest pod."
What soybean varieties are suitable for harvesting with machines?,"Soybean varieties like MACS 58, NRC 37, Type 49, Durga, and Punjab 1 have been developed for mechanical harvesting, featuring a high insertion point of the lowest pod."
Which soybean varieties are designed for mechanical harvesting?,"Soybean varieties like MACS 58, NRC 37, Type 49, Durga, and Punjab 1 have been developed for mechanical harvesting, featuring a high insertion point of the lowest pod."
Which soybeans are suitable for being harvested by machines?,"Soybean varieties like MACS 58, NRC 37, Type 49, Durga, and Punjab 1 have been developed for mechanical harvesting, featuring a high insertion point of the lowest pod."
What are some soybean varieties that can be mechanically harvested?,"Soybean varieties like MACS 58, NRC 37, Type 49, Durga, and Punjab 1 have been developed for mechanical harvesting, featuring a high insertion point of the lowest pod."
Which soybean breeds are appropriate for mechanical harvesting?,"Soybean varieties like MACS 58, NRC 37, Type 49, Durga, and Punjab 1 have been developed for mechanical harvesting, featuring a high insertion point of the lowest pod."
Can you name soybeans that are good for mechanical harvesting?,"Soybean varieties like MACS 58, NRC 37, Type 49, Durga, and Punjab 1 have been developed for mechanical harvesting, featuring a high insertion point of the lowest pod."
Which soybeans are most compatible with mechanical harvesting?,"Soybean varieties like MACS 58, NRC 37, Type 49, Durga, and Punjab 1 have been developed for mechanical harvesting, featuring a high insertion point of the lowest pod."
What are the top soybean varieties for machine harvesting?,"Soybean varieties like MACS 58, NRC 37, Type 49, Durga, and Punjab 1 have been developed for mechanical harvesting, featuring a high insertion point of the lowest pod."
Which soybeans have been developed for efficient mechanical harvesting?,"Soybean varieties like MACS 58, NRC 37, Type 49, Durga, and Punjab 1 have been developed for mechanical harvesting, featuring a high insertion point of the lowest pod."
Which varieties are optimal for mechanical soybean harvesting?,"Soybean varieties like MACS 58, NRC 37, Type 49, Durga, and Punjab 1 have been developed for mechanical harvesting, featuring a high insertion point of the lowest pod."
What types of soybeans are best for harvesting with machinery?,"Soybean varieties like MACS 58, NRC 37, Type 49, Durga, and Punjab 1 have been developed for mechanical harvesting, featuring a high insertion point of the lowest pod."
Which soybeans are recommended for mechanical harvesting?,"Soybean varieties like MACS 58, NRC 37, Type 49, Durga, and Punjab 1 have been developed for mechanical harvesting, featuring a high insertion point of the lowest pod."
Which soybean cultivars are suitable for mechanical harvesting?,"Soybean varieties like MACS 58, NRC 37, Type 49, Durga, and Punjab 1 have been developed for mechanical harvesting, featuring a high insertion point of the lowest pod."
Which soybean varieties have pods that grow higher off the ground?,"Varieties like MACS 58, NRC 37, Type 49, Durga, and Punjab 1 have been developed with a high insertion point of the lowest pod, making them suitable for mechanical harvesting."
What soybean types grow with the lowest pod positioned higher from the soil?,"Varieties like MACS 58, NRC 37, Type 49, Durga, and Punjab 1 have been developed with a high insertion point of the lowest pod, making them suitable for mechanical harvesting."
Which varieties of soybeans have their lowest pods situated higher above the ground?,"Varieties like MACS 58, NRC 37, Type 49, Durga, and Punjab 1 have been developed with a high insertion point of the lowest pod, making them suitable for mechanical harvesting."
Which soybean plants develop pods higher up from the land?,"Varieties like MACS 58, NRC 37, Type 49, Durga, and Punjab 1 have been developed with a high insertion point of the lowest pod, making them suitable for mechanical harvesting."
What are the soybean varieties with higher ground clearance for the lowest pod?,"Varieties like MACS 58, NRC 37, Type 49, Durga, and Punjab 1 have been developed with a high insertion point of the lowest pod, making them suitable for mechanical harvesting."
Which soybean cultivars have a higher lowest pod placement from the ground?,"Varieties like MACS 58, NRC 37, Type 49, Durga, and Punjab 1 have been developed with a high insertion point of the lowest pod, making them suitable for mechanical harvesting."
Which soybean types feature pods that grow higher above the soil level?,"Varieties like MACS 58, NRC 37, Type 49, Durga, and Punjab 1 have been developed with a high insertion point of the lowest pod, making them suitable for mechanical harvesting."
What soybean varieties grow with the lowest pod positioned well above the earth?,"Varieties like MACS 58, NRC 37, Type 49, Durga, and Punjab 1 have been developed with a high insertion point of the lowest pod, making them suitable for mechanical harvesting."
Which varieties have soybeans with their lowest pods growing at a greater height from the ground?,"Varieties like MACS 58, NRC 37, Type 49, Durga, and Punjab 1 have been developed with a high insertion point of the lowest pod, making them suitable for mechanical harvesting."
Which soybean plants have the lowest pods growing higher from the soil surface?,"Varieties like MACS 58, NRC 37, Type 49, Durga, and Punjab 1 have been developed with a high insertion point of the lowest pod, making them suitable for mechanical harvesting."
Which soybean varieties are known for having a high ground clearance of the lowest pod?,"Varieties like MACS 58, NRC 37, Type 49, Durga, and Punjab 1 have been developed with a high insertion point of the lowest pod, making them suitable for mechanical harvesting."
What soybean types have the lowest pods growing at a higher elevation from the ground?,"Varieties like MACS 58, NRC 37, Type 49, Durga, and Punjab 1 have been developed with a high insertion point of the lowest pod, making them suitable for mechanical harvesting."
Which soybean breeds have their lowest pods positioned at a higher point from the land?,"Varieties like MACS 58, NRC 37, Type 49, Durga, and Punjab 1 have been developed with a high insertion point of the lowest pod, making them suitable for mechanical harvesting."
Which soybean varieties grow with the lowest pods situated further from the soil?,"Varieties like MACS 58, NRC 37, Type 49, Durga, and Punjab 1 have been developed with a high insertion point of the lowest pod, making them suitable for mechanical harvesting."
What are the soybeans that have their lowest pods growing higher above ground level?,"Varieties like MACS 58, NRC 37, Type 49, Durga, and Punjab 1 have been developed with a high insertion point of the lowest pod, making them suitable for mechanical harvesting."
Which varieties of soybeans have the lowest pods growing at a higher distance from the ground?,"Varieties like MACS 58, NRC 37, Type 49, Durga, and Punjab 1 have been developed with a high insertion point of the lowest pod, making them suitable for mechanical harvesting."
Which soybean plants feature pods that grow at a higher level from the soil?,"Varieties like MACS 58, NRC 37, Type 49, Durga, and Punjab 1 have been developed with a high insertion point of the lowest pod, making them suitable for mechanical harvesting."
What soybean varieties have the lowest pods growing well above the ground?,"Varieties like MACS 58, NRC 37, Type 49, Durga, and Punjab 1 have been developed with a high insertion point of the lowest pod, making them suitable for mechanical harvesting."
Which soybean types have a higher position of the lowest pod from the land?,"Varieties like MACS 58, NRC 37, Type 49, Durga, and Punjab 1 have been developed with a high insertion point of the lowest pod, making them suitable for mechanical harvesting."
Which soybean cultivars are developed with pods growing higher off the soil?,"Varieties like MACS 58, NRC 37, Type 49, Durga, and Punjab 1 have been developed with a high insertion point of the lowest pod, making them suitable for mechanical harvesting."
What soybean varieties are resistant to rust?,"Soybean varieties like PS 1024, PS 1029, Indira Soya 9, MAUS 61, and MAUS 61-2 are recommended for their rust tolerance."
Which soybean types are rust tolerant?,"Soybean varieties like PS 1024, PS 1029, Indira Soya 9, MAUS 61, and MAUS 61-2 are recommended for their rust tolerance."
Can you list soybean varieties that are rust tolerant?,"Soybean varieties like PS 1024, PS 1029, Indira Soya 9, MAUS 61, and MAUS 61-2 are recommended for their rust tolerance."
Which soybean varieties are best for rust resistance?,"Soybean varieties like PS 1024, PS 1029, Indira Soya 9, MAUS 61, and MAUS 61-2 are recommended for their rust tolerance."
What types of soybeans are known for rust tolerance?,"Soybean varieties like PS 1024, PS 1029, Indira Soya 9, MAUS 61, and MAUS 61-2 are recommended for their rust tolerance."
Which soybean cultivars are rust resistant?,"Soybean varieties like PS 1024, PS 1029, Indira Soya 9, MAUS 61, and MAUS 61-2 are recommended for their rust tolerance."
Which soybean varieties are effective against rust?,"Soybean varieties like PS 1024, PS 1029, Indira Soya 9, MAUS 61, and MAUS 61-2 are recommended for their rust tolerance."
What are the best soybean varieties for rust resistance?,"Soybean varieties like PS 1024, PS 1029, Indira Soya 9, MAUS 61, and MAUS 61-2 are recommended for their rust tolerance."
Which soybean varieties have high rust tolerance?,"Soybean varieties like PS 1024, PS 1029, Indira Soya 9, MAUS 61, and MAUS 61-2 are recommended for their rust tolerance."
Can you name some rust-tolerant soybean varieties?,"Soybean varieties like PS 1024, PS 1029, Indira Soya 9, MAUS 61, and MAUS 61-2 are recommended for their rust tolerance."
What soybean varieties offer the best protection against rust?,"Soybean varieties like PS 1024, PS 1029, Indira Soya 9, MAUS 61, and MAUS 61-2 are recommended for their rust tolerance."
Which soybean strains are known for rust resistance?,"Soybean varieties like PS 1024, PS 1029, Indira Soya 9, MAUS 61, and MAUS 61-2 are recommended for their rust tolerance."
Which soybean varieties are developed to be rust resistant?,"Soybean varieties like PS 1024, PS 1029, Indira Soya 9, MAUS 61, and MAUS 61-2 are recommended for their rust tolerance."
What are the most rust-tolerant soybean varieties?,"Soybean varieties like PS 1024, PS 1029, Indira Soya 9, MAUS 61, and MAUS 61-2 are recommended for their rust tolerance."
Which soybean breeds are effective against rust?,"Soybean varieties like PS 1024, PS 1029, Indira Soya 9, MAUS 61, and MAUS 61-2 are recommended for their rust tolerance."
Which soybean types are best for managing rust?,"Soybean varieties like PS 1024, PS 1029, Indira Soya 9, MAUS 61, and MAUS 61-2 are recommended for their rust tolerance."
What soybean varieties have been bred for rust tolerance?,"Soybean varieties like PS 1024, PS 1029, Indira Soya 9, MAUS 61, and MAUS 61-2 are recommended for their rust tolerance."
Which soybean varieties are recognized for their rust tolerance?,"Soybean varieties like PS 1024, PS 1029, Indira Soya 9, MAUS 61, and MAUS 61-2 are recommended for their rust tolerance."
Can you provide examples of soybean varieties that are rust tolerant?,"Soybean varieties like PS 1024, PS 1029, Indira Soya 9, MAUS 61, and MAUS 61-2 are recommended for their rust tolerance."
Which soybean varieties show the best resistance to rust?,"Soybean varieties like PS 1024, PS 1029, Indira Soya 9, MAUS 61, and MAUS 61-2 are recommended for their rust tolerance."
